,Dataset: ADE-1992,,,,,,,,,,,,,,,,
,Data From (Title): The Ardennes Campaign Simulation Data Base,,,,,,,,,,,,,,,,
,"Organization: Data Memory Systems, Inc.",,,,,,,,,,,,,,,,
,"Address: Fairfax, Virginia",,,,,,,,,,,,,,,,
,Publication Date: December 1989,,,,,,,,,,,,,,,,
,Classification: UNCLASSIFIED,,,,,,,,,,,,,,,,
,Source Available From: DTIC as AD-M000 074,,,,,,,,,,,,,,,,
,Spreadsheet Prepared By: Robert L. Helmbold,,,,,,,,,,,,,,,,
,Spreadsheet Last Revised: 7 January 1994,,,,,,,,,,,,,,,,
-,-,-,-,-,-,-,-,-,-,-,-,-,-,-,-,-,-
,,,,,,,German,Allied,,,,,Distance,FR,Bloody,Bloody,TBC
,,,,,German,Allied,Total,Total,German,Allied,German,Allied,Opposed,Allied,ADV,ln(FER),ADV
,,,,,Initial,Initial,Battle,Battle,Bloody,Bloody,Other,Other,Advance,to,Favoring,Favoring,Favoring
Seq.,,,,Base Unit,Strength,Strength,Casualties,Casualties,Casualties,Casualties,Changes,Changes,By Allies,German,Allies,Allies,Allies
No.,Day,Date,Side,ID,x0,y0,Cx,Cy,Bx,By,Rx,Ry,(km),,,,
---,---,-----,---,----------,--------,--------,----------,----------,----------,----------,-------,-------,--------,--------,--------,--------,--------
1,1,Dec16,A,106th ID,53811.2383,18860,897.13342,62,471.78671,50,-45.373329,-51,-3.5,0.350484408012592,0.596499007103602,1.09199967899793,0.808452661175968
2,1,Dec16,A,28th ID,79560.7734,16996,1201.10303,178,718.66669,135,-24.256411,-169,-5.2,0.213622860533932,0.0640162405766844,-0.055365129392969,0.181671108755173
3,1,Dec16,A,4th ID,14646,14140.3604,297.625,60,186.75,52.09091,-9.5,20.45455,-6.3,0.965475925167281,0.618547000313331,1.39839479160122,0.779133437468738
4,1,Dec16,A,78th ID,10191,16540,22.7723,405,17.63636,344,-1.863636,-130,-0.7,1.62300068688058,-1.23840722534102,-2.49003643065926,-1.19143237965026
5,1,Dec16,A,99th ID,27530.4609,16480,357.73331,198,224.5455,196,-14.2242,145,-4,0.598609665848348,-0.187651974669701,-0.692341544736573,0.0389411762324616
6,1,Dec16,A,9th AD,3994.2859,12025,88.71429,19,55.71429,19,-1.714286,-5,-1.5,3.01055064686281,1.08585616957336,1.72718960488685,1.31636403173228
7,1,Dec16,G,18th VGD,12117,7661.875,193,25.1875,98,20.3125,-8,-20.71875,-5,0.632324420236032,0.556326328653533,1.97761587404287,0.785819399418518
8,1,Dec16,G,212th VGD,11151,18146.8008,220,77,138,66.85,-8,26.25,-3,1.62736981436642,0.603702046843157,-0.0577216196722595,0.764498750767155
9,1,Dec16,G,26th VGD,19663,5098.7998,230,53.4,191,40.5,2,-50.700001,-7,0.259309352591161,0.100174347642573,2.64857980768,0.0549598059080232
10,1,Dec16,G,276th VGD,9320,58929.8086,207,270.3833,130,237.375,-4,89.391663,-2,6.32294083690987,0.618547550212741,-1.18957449022487,0.784096054760062
11,1,Dec16,G,277th VGD,7249,5179.4292,165,62.22857,81,61.6,1,45.57143,-1,0.714502579666161,-0.0310098387116359,-0.0771900501899794,0.31677092136686
12,1,Dec16,G,62d VGD,11050,5103.2939,165,16.77647,81,13.52941,-9,-13.8,-1.5,0.461836552036199,0.507346815348007,2.25359054539804,0.753787449654899
13,2,Dec17,A,106th ID,13288.2695,17574.3008,148.39999,536.40002,92.4,241.2,-12.93333,-258.299988,-4,1.32254247251683,-0.338270174268959,-0.668531906870399,-0.497816939420302
14,2,Dec17,A,28th ID,66763.8594,17776,908.64282,746,546.64282,288,-15.14286,-105,-2.9,0.2662518338477,-0.339223000384056,-0.7856776798704,-0.55585386317201
15,2,Dec17,A,99th ID,37424,16033,540.14282,153,362.0571,144,-30.257139,-48,-5.4,0.42841492090637,0.0369887028815043,-2.29477513725478,0.205636343324217
16,2,Dec17,G,276th VGD,9109,1500.125,206,17.25,130,13.375,-4,-0.5,-4,0.164686024810627,0.233869603356239,2.55185124766576,0.335371863316257
17,2,Dec17,G,277th VGD,7085,12024.75,165,114.75,81,108,1,-36,-4,1.69721242060692,0.120036614517659,-1.0950335904681,0.442623480530858
18,2,Dec17,G,5th FJD,16737,3160.178,258,132.62219,162,51.2,-15,-18.66667,-5.5,0.188813885403597,-0.25592710276234,0.749745135731913,-0.494034508075865
19,2,Dec17,G,62d VGD,6525.6001,11195.4805,99,341.7067,48.6,153.65334,-4.8,-164.546707,-2.5,1.71562466722409,-0.30407152120431,-1.60424651766217,-0.345645761270159
20,2,Dec17,G,PzLehrD,14873,4147.7329,49,174.0667,47,67.2,-9,-24.5,-8,0.27887668257917,-0.813979365898023,-0.228281315631167,-1.26252292912717
21,3,Dec18,A,28th ID,63664.6992,16925,595.59998,924,350.60001,617,-16.700001,-316,-9.9,0.265845911669681,-0.937211542656687,-1.9712618834562,-0.870496723711084
22,3,Dec18,A,99th ID,36112,15605,532,659,354,315,-29,-188,-7.2,0.432127824545857,-0.358539420714664,-2.79416242034268,-0.519582993401247
23,3,Dec18,G,2d PzD,14620,1965.484,37,107.3032,35,71.65161,6,-36.69677,-9,0.134438030095759,-1.35296077996638,-0.846487441941209,-1.52249115399454
24,3,Dec18,G,62d VGD,8814.2354,12837.5,135.8824,372.5,66.70589,211.6667,-6.588235,-240.833298,-1,1.45645077734139,-0.387115013244968,-1.24951030226533,-0.312784081269798
25,3,Dec18,G,PzLehrD,14699,8017.105,7,437.6842,7,292.26321,-9,-149.684204,-18,0.545418395809239,-2.15989461304441,-4.41865847971039,-2.35717566811648
26,4,Dec19,A,101st AbnD,29272,7395.4551,88,125,84,51.81818,-3,-10,-7.6,0.252646047417327,-0.445308181641244,-0.390140550601087,-0.859879969356832
27,4,Dec19,A,106th ID,29048,12224.1699,447,6102.5,260,741.66663,-13,-262.5,-3.8,0.420826559487744,-0.943716194484623,-2.06992781684348,-1.59999707391869
28,4,Dec19,A,28th ID,63898,10456.6699,295,556.66669,252,166.66701,-24.5,-119.333298,-11.1,0.16364627844377,-0.695294651984707,-1.51414973859241,-1.21018595409356
29,4,Dec19,G,2d PzD,14589,9297.1426,37,157.1429,35,65.14286,6,-12.57143,-4.5,0.637270724518473,-0.5347430396397,-1.2348051728316,-0.944790107342455
30,4,Dec19,G,62d VGD,10530,7898.6929,165,3943.15405,81,479.2308,-7,-169.615402,-3,0.750113285849953,-1.01915601241532,-2.03578574932786,-1.59101390910236
31,4,Dec19,G,PzLehrD,5647.3081,8135,19.61539,137.5,18.84615,57,-3.461539,-11,-2.5,1.44050932868352,-0.36995316258811,-0.758184634943011,-0.787781932724056
32,5,Dec20,A,28th ID,72901,8002.3638,457,567.27283,349,288.5455,-33,-164.181793,-9.3,0.109770288473409,-1.00167475420061,-0.18486221186631,-1.19628710159475
33,5,Dec20,A,9th ID,9495.4473,50100,104.7604,423,54.56131,118,-0.89638,-20,0,5.27621273828775,0.445075066929581,-1.82990853569799,0.133105543736471
34,5,Dec20,G,62d VGD,10358,3294.53,165,216,81,20.11765,-7,-0.529412,-2.5,0.318066229001738,0.123248069849159,1.46275801691008,-0.694747182201012
35,6,Dec21,A,5th AD,7124.1519,11108,71.7998,110,44.67677,87,-0.868687,184,0.8,1.5592031382711,-0.110748141943335,-0.128837097284882,0.00874398501957559
36,6,Dec21,A,82d AbnD,24858,12196,357,30,180,15,-41,78,-0.5,0.490626759996782,0.884911528280362,3.16568788007442,0.879245386258858
37,6,Dec21,A,9th ID,11516.7695,49105,42.4,57,30.28572,46,-6.314286,-40,0,4.2637824782375,0.515672182676363,-1.68865266195094,0.576495916773007
38,6,Dec21,G,150th PzBde,2955,3232.05,234,33.9,157,19.65,-1,-3.3,1,1.09375634517767,1.07195327479585,3.33101848999383,0.993191569130262
39,6,Dec21,G,3d FJD,11593,10343.4004,180,43.2,128,30.6,-14,1.8,-0.5,0.89221085137583,0.656460946414889,1.65988164321831,0.653680218306675
40,6,Dec21,G,3d PzGD,11532,14574.2002,126,38.2,86,30.12,7,-19.16,-1,1.26380508151231,0.640291556352108,0.125671939615444,0.711703412826745
41,7,Dec22,A,106th ID,27731,4579.729,446,17.75714,259,10.49286,-24,-21.79286,-4,0.165148353827846,0.700843686083457,2.59689377681294,0.708243333869766
42,7,Dec22,A,30th ID,29768.3301,15079.1299,289.7778,51.05883,220.222,46.68235,-38.444401,-8.02353,1.3,0.506549405000047,0.434489942156927,0.742878497882203,0.526408935878437
43,7,Dec22,A,7th AD,32179.1406,13264,363.57141,15,229.5714,14,-32.42857,-13,-4.9,0.412192487203962,0.953923174055841,3.21884159902328,1.14828054792226
44,7,Dec22,A,9th ID,11468.0596,49058,42.4,135,30.28572,118,-6.314286,307,-0.9,4.27779430096439,0.0466556438978388,-2.75496543246191,0.147418828350834
45,7,Dec22,G,18th VGD,10913,2842.2859,193,3.21429,98,3,-9,-2.785714,-3,0.260449546412535,1.06851839444207,3.16499689651518,1.37071059345618
46,7,Dec22,G,352d VGD,9387,7913.708,139,364.125,61,55.91666,-9,-2.166667,-5,0.843049749653776,-0.04171656081368,-0.370488649067586,-0.55895462853644
47,7,Dec22,G,560th VGD,9965,5940.6919,165,26.65385,81,22.15385,-10,-14.88462,-3.5,0.596155735072755,0.388489166050958,0.806017099459434,0.649845467078202
48,7,Dec22,G,62d VGD,10011,6102.2539,165,15.99123,81,11.11403,-10,-18.486839,-9,0.609554879632404,0.744035948015788,0.0013925955040462,0.915957392811833
49,7,Dec22,G,FBB,6807,1375.526,88,1.55555,80,1.45185,-5,-1.348148,-1.5,0.202075216688703,1.2023534920034,5.01418303875534,1.21523651243832
50,8,Dec23,A,26th ID,11709.5,18596,507.75,77,264.5,64,-1.25,-52,3.2,1.58811221657628,0.935933981724105,1.53246678862192,1.16444134284917
51,8,Dec23,A,30th ID,22244,13117,257,53.2381,198,42.71429,-28,-17.952379,2,0.589687106635497,0.50136962701125,1.20609008105188,0.521188198380276
52,8,Dec23,A,3d AD,19931,16029.4697,165,20.21053,105,17.68421,-25,-11.78947,-6.5,0.804248141086749,0.780677489870564,1.37842869453305,0.939188519813188
53,8,Dec23,A,4th AD,3515,13322,303.40909,8,165.9091,5,0.681818,196,4.3,3.7900426742532,2.40534199535516,4.82790300037538,2.46209991124781
54,8,Dec23,A,7th AD,40214,13236,438,193,288,112,-41,-15,-15.1,0.329139105784055,-0.0830803014368188,-0.142770182479984,-0.144944700048965
55,8,Dec23,A,80th ID,13801.5996,13558.0898,141.60001,173.4545,71.4,170.18179,-13.2,-3.272727,2.4,0.982356407441352,-0.441332326195212,0.403169658596631,-0.109717971027466
56,8,Dec23,A,9th ID,16459.6094,49231,59.31809,122,42.37006,104,-9.964658,-87,0.9,2.99101872976402,0.0987170028060257,-2.51771663515571,0.186971793061622
57,8,Dec23,G,18th VGD,10711,3258.092,193,47.50769,98,27.56923,-9,-3.692308,-5,0.304181869106526,0.0388961545002528,-0.73603796005853,0.104968131667062
58,8,Dec23,G,2d PzD,14479,1443.349,26,3.98286,16,2.72,2,-3.108572,-4,0.0996856827128945,-0.26669317693438,0.130717383506629,-0.214577203090657
59,8,Dec23,G,2d SSPzD,16904,2805.158,156,3.53684,141,3.09474,-10,-2.063158,-2,0.165946403218173,1.00966900785835,3.44091471135347,0.993268782024797
60,8,Dec23,G,62d VGD,9836,11581.5,43,168.875,24,98,-10,-13.125,-5,1.17746034973566,-0.620267333602942,-1.13237138198831,-0.599734809193415
61,9,Dec24,A,30th ID,21959,12943.4697,257,102.8571,198,91.22449,-28,206.326508,2.5,0.589438029964935,0.122684768871977,0.473795467424216,0.192630991082851
62,9,Dec24,A,3d AD,18425.4707,16248.96,125.6316,51.24,98.73685,37.8,-13.73684,46.200001,-1.4,0.881874892889439,0.416462462371683,0.649845295143164,0.384645606539792
63,9,Dec24,A,4th AD,8772.8271,13510,827.99988,104,453.10339,85,1.862069,-3,2.4,1.53998247611651,1.04111366934797,2.98274231187146,1.23095429268516
64,9,Dec24,A,5th ID,2290.8889,32490,32,164,14.22222,153,-2,35,2.7,14.182267852448,0.137804243230837,-0.637471411833167,0.506690134053273
65,9,Dec24,A,7th AD,16738,13028,157,197,142,72,-9,-2,-4.4,0.778348667702234,0.213548239666263,0.62167915040149,-0.237325106887684
66,9,Dec24,A,80th ID,18434.6699,15803,269.58331,179,132.0833,158,-11.66667,5,2.7,0.85724344866083,-0.165886446627471,-0.36560790745333,0.126899597964149
67,9,Dec24,A,84th ID,28667,15299,380,16,211,15,-28,40,-1.2,0.533679840932082,1.00632606686533,3.15684271633821,1.26674825854619
68,9,Dec24,A,9th ID,15832.8301,47884,56.58334,323,40.41667,210,-10.02083,224,0,3.02434875493295,-0.270125695571286,-2.25623957808828,-0.316826004936756
69,9,Dec24,G,116th PzD,14212,8616.7783,194,18.27743,101,14.3652,-30,23.534479,-1,0.606303004503237,0.723605367719315,1.77207511786343,0.928014150889014
70,9,Dec24,G,1st SSPzD,19312,11891.8096,221,94.5,174,83.8125,-27,189.5625,2,0.615773073736537,0.122305700956262,0.13575786966356,0.181464535551698
71,9,Dec24,G,2d SSPzD,16738,10654.8096,157,161.0125,142,59.6625,-9,-0.75625,-4,0.636564081730195,0.207003019569389,-1.31599610588193,-0.237011396656664
72,9,Dec24,G,9th SSPzD,12749,1886.196,187,27.69565,153,16.73913,-17,6.847826,-5,0.14794854498392,0.150113347295991,1.69591818867297,-0.000524831038414351
73,9,Dec24,G,FGB,7667,7604.0591,174,42.4117,82,35.82353,-1,-15.64706,2,0.991790674318508,0.408433744037354,1.17774742938368,0.697384134378129
74,10,Dec25,A,10th AD,10207,10876,25.6,96,11.2,53,-7,-9,1,1.06554325462918,-0.744501315377552,-0.969622304294355,-0.627551372963656
75,10,Dec25,A,26th ID,6182.292,18317,359.41669,76,189.5833,61,0.625,-110,5.4,2.96281702643615,1.10315506628474,1.84224197486511,1.30623361251289
76,10,Dec25,A,2d AD,13160,12553.21,140,22.57895,99,17.10526,-10,19.84211,5.1,0.953891337386018,0.852720683913485,2.14062397775088,0.886492619281387
77,10,Dec25,A,3d AD,22967.0703,19338,310.42221,189,190.1889,96,-23,-45,-2.5,0.841988105030531,0.2550081928906,0.145086695872295,0.161157369625931
78,10,Dec25,A,4th AD,20459.1699,13403,1007.02399,127,559.42859,111,-4.190476,-49,3.6,0.655109667963606,0.592408185989387,1.91238275810129,0.813722763681601
79,10,Dec25,A,5th ID,5651.9048,27479.1699,12.04762,247.5,5.76191,206.6667,-5.238095,-55,3.8,4.86193077774417,-0.997572522028964,-2.7168747998508,-0.718830300815551
80,10,Dec25,A,7th AD,8286,13396,78.5,271,71,189,-4.5,-137,0,1.61670287231475,-0.24794626085865,-0.344570304480713,-0.376606540818577
81,10,Dec25,A,80th ID,18947,15628,200.6154,159,93.23077,89,-11.07692,-23,0.9,0.824827149416794,-0.0728759017832075,-0.144924954643897,0.019847915941327
82,10,Dec25,A,84th ID,18523.7695,15647,188.10001,187,123.91367,46,-16.4,140,1.2,0.84469848321099,0.410144431023265,1.93860075446585,-0.0810035246666397
83,10,Dec25,A,9th ID,14321.8301,47785,51.62963,67,36.8783,47,-8.129629,10,0,3.33651493324167,0.480803060757392,-0.863924104149646,0.471613569116879
84,10,Dec25,G,116th PzD,13988,7693.5718,194,84.92857,101,29.14286,-30,32.5,2,0.550012281955962,0.321687452174931,0.95183704550789,0.113404503154813
85,10,Dec25,G,1st SSPzD,19064,10455.4805,221,59.05386,174,54.57383,-27,-7.934571,2,0.548441066932438,0.278432298452614,1.11069297042983,0.358026136237814
86,10,Dec25,G,2d SSPzD,16572,18155.8691,157,316.20001,142,214.66666,-9,-142.666702,-1,1.09557501206855,-0.160172111565362,-0.961768772576276,-0.302425948486217
87,10,Dec25,G,5th FJD,4267.667,9575.4746,444.66669,81.14215,243.3333,71.80882,1,-29.17157,3,2.243725810847,1.00169802561471,0.0280426881495867,1.23000146617578
88,10,Dec25,G,9th SSPzD,12545,1295.226,187,10.74193,153,9.3871,-16,4.838709,-3,0.103246392985253,0.258989064318466,2.37346623703892,0.291495569161774
89,10,Dec25,G,FGB,7030,8262.167,163,65.66666,75,39.83334,0,-26,1,1.17527268847795,0.395674498283708,1.58011002369381,0.531490007641685
90,11,Dec26,A,26th ID,8496.25,18129,510.75,105,268.875,76,135.916702,-110,2,2.13376489627777,1.00377491640885,1.58098779573849,1.15609480586426
91,11,Dec26,A,2d AD,13010,11670.9102,22,24.81818,16,24.18182,6,-6.363636,-2.7,0.897072267486549,-0.260604910091919,-0.136799017344317,-0.114467448038142
92,11,Dec26,A,3d AD,18960.1699,17148.8594,256.58331,142.0714,163.8333,80.78757,-13.66667,24.14286,2.6,0.904467601843589,0.30232298739999,1.63798883956018,0.244038197368438
93,11,Dec26,A,5th ID,10328.0703,48101,25.92857,331,11.35714,308,-2.428571,-59,3,4.65730757080536,-0.87957944642181,-3.2717639767171,-0.503072422778192
94,11,Dec26,A,7th AD,16406,10626.54,157,256.09091,142,151.3636,-8,-84.272728,0.7,0.64772278434719,-0.247669970749991,-0.121310298926425,-0.45812635644771
95,11,Dec26,A,80th ID,16957.4492,15490,152.8,466,72.25,320,88.600098,-218,1.2,0.91346285737362,-0.785225437759156,-0.455244133407509,-0.597463827625233
96,11,Dec26,A,9th ID,12468.4199,47639,43.78181,44,31.27273,42,-7.563636,-77,0,3.82077283104654,0.522357807705382,-1.32794828537949,0.667093088210708
97,11,Dec26,B,29th ArmBde,14078,4437.8672,188,0.53333,112,0.53333,33,-2.666667,1,0.315234209404745,2.09437435308907,3.01633045261987,2.3519890459207
98,11,Dec26,G,2d PzD,14078,1368.657,188,2.91045,112,2.83582,33,-0.746269,15,0.0972195624378463,0.671217579586811,3.95849708304117,0.915857633006699
99,11,Dec26,G,2d SSPzD,16406,18670.4609,157,360.0769,142,211.7692,-8,-95,-2,1.1380263866878,-0.134512059960466,-0.562397542816111,-0.347941429783463
100,11,Dec26,G,560th VGD,9390,13942.1904,165,113.2303,81,65.4319,-9,22.72011,2,1.48479130990415,0.30337017554279,2.14879257576869,0.383520057011778
101,11,Dec26,G,5th FJD,11472,65039.75,1332,209.8333,729,149.6111,52,642.527771,4,5.66943427475593,1.64379294705109,0.745727524434058,1.76250972629445
102,11,Dec26,G,62d VGD,9679,4962.96,43,25.92,24,21.24,-9,18.360001,-2.5,0.512755449943176,-0.272443520583617,-0.763824803247366,-0.0806900116418859
103,11,Dec26,G,9th PzD,10656,3990.698,71.25,22.51163,44.25,17.65116,9.75,19.953489,2,0.37450243993994,-0.0314837797694906,-0.349472105697454,0.0847407519294582
104,11,Dec26,G,9th SSPzD,12342,2996.9561,187,15.65217,153,12.82609,-16,11.08696,-5,0.242825806190245,0.52973505650947,0.579402875445479,0.530049136180107
105,11,Dec26,G,FBB,6656,1846.8,88,15.3,80,8.7,137,2.6,-2,0.277463942307692,0.466484887663616,2.65826432281738,0.232469036968901
106,11,Dec26,G,FGB,6867,10330.2803,163,178.6579,75,123.8526,161,-101.842102,3,1.50433672637251,-0.0463575669713085,0.274929391714546,0.156687517055409
107,12,Dec27,A,26th ID,9198.1816,14928.3301,616.2182,43.33333,325.81821,29.16667,1.818182,-2.5,0.5,1.62296535871829,1.44033777584327,2.98184606565797,1.55315790335573
108,12,Dec27,A,35th ID,10192,16241,1336,40,731,40,5,-39,6.6,1.59350470957614,1.66809087257555,3.50197187264415,1.95396787513232
109,12,Dec27,A,3d AD,37551.5312,18505,502.35291,80,345.52939,64,-40.705879,102,0,0.492789492429539,0.487820419561295,1.92876054882487,0.562527828270255
110,12,Dec27,A,5th ID,18745.2109,47860,44.03556,465,20.01622,373,-15.00156,410,4,2.55318546456044,-0.992161671854717,-3.23384463730291,-0.708001824948767
111,12,Dec27,A,82d AbnD,26497.1602,13765,373.71481,52,249.8974,43,-29.97217,44,0,0.519489631949314,0.550889170584281,2.34352141113322,0.656077247424147
112,12,Dec27,A,9th ID,12646.1104,47499,44.07124,60,31.47945,42,-7.943836,-61,0,3.75601655351672,0.517110554831953,-1.01336387058343,0.506854805860471
113,12,Dec27,G,116th PzD,13541,6124.6431,193,54.21428,100,36.53571,-27,148.5,2.5,0.452303603869729,0.10638311355457,1.35507446816064,0.236813964554735
114,12,Dec27,G,2d SSPzD,16241,19180.9297,157,97.57143,142,77.85715,-8,15.42857,2,1.18101900745028,0.382489662102236,-0.224058010849754,0.31987011776858
115,12,Dec27,G,560th VGD,9216,7117.3081,165,30.76923,81,24.61539,-8,39.23077,1,0.772277354600694,0.464996157842784,2.71285757548633,0.707095284764752
116,12,Dec27,G,5th FJD,10192,42212.7109,1336,151.95239,731,124.6905,5,208.095306,1.5,4.14174949960754,1.57732740866082,2.01154036206831,1.76449984105971
117,12,Dec27,G,FGB,6865,12995,163,124.1818,75,61.13636,0,75.409103,2,1.89293517844137,0.419693786281299,1.16045287795767,0.451489437350404
118,13,Dec28,A,26th ID,5918.772,17859,143.3241,108,67.25488,89,0.442105,36,3.7,3.01734886898836,0.41051447954393,0.723458490125939,0.689101322401859
119,13,Dec28,A,35th ID,7679.5332,16147,179.39999,20,97.93333,19,5.2,-41,3.4,2.10260175709638,1.18860765944646,2.52051832537402,1.46296574179233
120,13,Dec28,A,3d AD,39609,18527,527.75,21,368.5,15,-40.25,-7,1.4,0.467747229165089,1.21865279799705,2.09812075174896,1.22907781316957
121,13,Dec28,A,4th AD,25616.0996,13141.6504,406.4231,46.11765,253.6385,43.29412,-6.830769,3.764706,2,0.513023083342477,0.548572133525414,2.39812063490684,0.751278069807978
122,13,Dec28,A,5th ID,12882.46,48108,31.59145,265,14.05812,221,-9.536753,-155,3.7,3.73437992433122,-0.717813485727725,-1.4526712470277,-0.403865199597989
123,13,Dec28,A,9th ID,12934.6299,47378,45.27632,137,32.34023,104,-8.150345,444,0,3.66288021893846,0.0650090425625114,-2.01273079478474,0.0953740747467972
124,13,Dec28,G,560th VGD,9043,5558.1001,165,6.3,81,4.5,-8,-2.1,1.5,0.614630111688599,1.19977667835063,3.62721826333543,1.38503157815108
125,13,Dec28,G,FGB,6702,18893.8691,163,136.4886,75,108.6932,0,59.496208,2,2.81913892867801,0.331329937437081,0.574886636097796,0.602662013336699
126,14,Dec29,A,26th ID,6539,17259,163,124,75,109,1,-51,1.4,2.63939440281389,0.297050584624442,0.631479311899364,0.617537463563893
127,14,Dec29,A,3d AD,39041,17870,321.75,21,216.5,17,-38.25,71,0,0.457723931251761,0.88029367502018,1.4388400737099,0.972110965112752
128,14,Dec29,A,4th AD,38439.0703,12923.8604,349.2688,69.64285,223.1022,52.92857,295.580688,-21.35714,1.5,0.336216778895404,0.173915552955967,1.57849544326786,0.26030356193506
129,14,Dec29,A,8th ID,15194.8301,44207,133,46,55.66667,90,-7.666667,-3,0.4,2.90934480405938,0.293342414727122,-0.841473172084671,1.06288497794699
130,14,Dec29,A,9th AD,11520,10590,126,44,86,40,307,-25,1.3,0.919270833333333,0.339722041823544,2.1860000699027,0.482256805707909
131,14,Dec29,A,9th ID,12350.8301,47685,40.34666,71,28.86667,56,-7.693334,148,0,3.86087409622775,0.343823811291008,0.154893910335457,0.39241619936371
132,14,Dec29,G,276th VGD,7945,27974.1602,21,103.0526,9,90.31579,-5,-64.842102,3,3.52097674008811,-0.523150136829607,-2.47633645320182,-0.165728751192638
133,14,Dec29,G,560th VGD,8870,6701.25,165,7.875,81,6.375,-7,26.625,1.5,0.755496054114994,1.12879185285157,3.38673551340221,1.37655738973894
134,14,Dec29,G,9th PzD,13920,20642.3594,96,48.41177,60,42.23039,-7,97.647057,3.5,1.48292811781609,0.372044490418017,0.758750732489986,0.538171450791562
135,14,Dec29,G,FGB,6539,20923.5,163,166,75,128.5,1,213.5,1,3.19980119284294,0.310985997520585,0.0266288327450426,0.568141905398258
136,15,Dec30,A,4th AD,63904,11505.8301,781,25.83333,514,23.3333,-47,89.166656,2.3,0.180048668314972,0.68739919055695,1.28899815799592,0.844687660152982
137,15,Dec30,A,9th AD,11701,10528,126,8,86,8,7,-8,-1.7,0.899752157935219,1.1329840818556,3.78139897717854,1.32309287051015
138,15,Dec30,A,9th ID,12362.2598,47759,39.87879,125,28.67532,100,-7.735931,54,0,3.86329043173805,0.0511364529662773,-1.94872318603113,0.104372707044104
139,15,Dec30,B,29th ArmBde,19307.8906,6141.4351,89.77778,5.91304,59.55556,5.91304,-2.555556,-5.913043,3,0.318079029306288,0.581616120363533,2.56735126097477,0.786437966471362
140,15,Dec30,G,26th VGD,17540,24981,196,71,103,69,-12,-30,1,1.42423033067275,0.376347785925515,-0.98072016659053,0.682442762870189
141,15,Dec30,G,FBB,6500,4406.7671,87,6.76667,79,6.26667,-5,16.23333,2,0.677964169230769,1.07007885871443,3.46913946007225,1.07964572037074
142,15,Dec30,G,PzLehrD,12287,16555.8398,139,42.78947,98,42.78947,-8,-11.78947,3,1.34742734597542,0.562084862100728,0.779637009570097,0.735999831891703
143,16,Dec31,A,11th AD,5758.6211,11699,16.45977,210,14.21264,210,-4.442529,-6,1.8,2.03156272948745,-0.988194827626348,-2.40057935537482,-0.914898756555367
144,16,Dec31,A,4th AD,12863.5996,7714.4448,128.8,50.55556,88.6,43.88889,6,-27.222219,0,0.599711203697603,0.0952812266789935,1.00540096221733,0.211071965242892
145,16,Dec31,A,75th ID,4656.6162,17415,23.15385,34,12.92308,30,-3.769231,-46,1.8,3.73984010105879,0.238166732492612,0.151080088952734,0.466665416413443
146,16,Dec31,A,87th ID,3776.8889,12573,43.24445,39,30.48889,31,-2.488889,-35,2,3.3289303267565,0.591607664530194,1.00699198379761,0.650884551938854
147,16,Dec31,A,9th AD,12292.7695,10512,119.1615,11,82.23334,10,5.108974,84,0.2,0.855136834705963,0.973803654753131,3.46262330300408,1.11087770641838
148,16,Dec31,A,9th ID,12146.5801,47687,38.125,55,27.45,49,-7.9,129,0,3.92596102008993,0.393770174659209,-1.48283198037006,0.500077227867631
149,16,Dec31,B,29th ArmBde,21592.5508,4921.7778,106.5833,1.55556,69.72222,1.55556,-2.888889,6.222222,2,0.227938692634684,1.16127355660856,3.39533857910095,1.37304979219464
150,16,Dec31,G,26th VGD,17332,14368,196,94,103,77,-11,363,0.5,0.828986845141934,0.0515399652433746,-0.587549911479701,0.272437538822943
151,16,Dec31,G,3d PzGD,10529.0898,7200,114.5455,7.53425,78.18182,6.84932,6.363636,57.534248,1.5,0.683819792286319,1.02579154904904,2.93807778258602,1.16826049891529
152,16,Dec31,G,560th VGD,3930.9089,17415,19.54546,34,10.90909,30,-3.181818,-46,0,4.43027311062844,0.238166683680544,0.527492265538801,0.466665584306618
153,16,Dec31,G,PzLehrD,12140,18319.4609,139,74.20685,98,66.20685,-8,-30.985121,2.5,1.50901654859967,0.400702962472169,0.612489467899897,0.51768084932824
154,17,Jan01,A,101st ABnD,40172.9414,15132,367.01959,55,179.8824,53,82.588226,460,0,0.376671447811885,0.122570429202107,-0.0306629999164247,0.459470305683812
155,17,Jan01,A,11th AD,7970.75,11479,94.91666,194,63.25,174,18.75,-22,2.1,1.44014051375341,-0.321793541477909,-0.314962558203593,-0.173801982897566
156,17,Jan01,A,35th ID,30411.5,16003,269.26669,141,190.14999,81,3.472221,15,1.2,0.526215411932986,0.105361103696127,0.0781004054162409,0.00243803167026472
157,17,Jan01,A,6th AD,8753.333,14007,137.5,74,67.5,68,-11.66667,-13,2.7,1.60019046459217,0.230654868671389,0.401202793593478,0.542220680209619
158,17,Jan01,A,87th ID,9698.2363,13171,59.89178,64,46.09307,58,15.85498,-14,2.6,1.35808198445319,0.038059022270909,-0.142286536871537,0.1195347875977
159,17,Jan01,A,9th AD,13592.6699,10585,163.6667,35,100.66667,24,49.333328,-4,1.2,0.778728541035194,0.590546320034125,2.68949703339109,0.64400363443614
160,17,Jan01,A,9th ID,11847.8701,47716,61.88052,61,38.51818,57,-15.3948,-38,0,4.02739054338552,0.500084168059068,-0.14725733646247,0.702737374307165
161,17,Jan01,G,26th VGD,17125,15132,170,55,73,53,35,460,2.5,0.883620437956204,0.0980294897889122,-0.305496038567238,0.500790352897586
162,17,Jan01,G,3d PzGD,11463,9160.2715,139,74.87302,81,63.04762,51,-8.507936,1.5,0.799116418040653,0.01310906802341,0.565031399718476,0.196222725112135
163,17,Jan01,G,560th VGD,4377.1641,15699,21.89091,43,12.21818,37,-5.090909,514,1,3.58656875578414,0.0844927634650905,-0.0908108630697898,0.30046703658446
164,17,Jan01,G,FBB,6389,12104.5703,74,173.05,59,155.35001,-5,-20.950001,0.5,1.8945954452966,-0.163664127016826,-0.0794967418144527,-0.104572193679936
165,18,Jan02,A,101st AbnD,36250.1094,15537,419.88889,40,210,39,58,-27,-1,0.428605603049573,0.417341436096636,0.513027070771937,0.749686120468525
166,18,Jan02,A,11th AD,9363.2637,11245,112.6694,90,74.5875,74,23.254116,-14,3,1.20097012754217,0.0951711732089941,0.602325265419437,0.202876467177256
167,18,Jan02,A,26th ID,20238,16966,298,142,184,121,57,-49,1.2,0.838323945053859,0.120905294459007,0.176454707800051,0.280859871236924
168,18,Jan02,A,35th ID,24814,15877,180,123,147,106,12,19,0.1,0.639840412670267,-0.0595828415591221,-0.250297944629923,-0.0327582611742522
169,18,Jan02,A,6th AD,12643.1699,13931,174.9762,55,83.10953,54,-1.666666,-64,2.1,1.10185974800513,0.263411308401224,0.729386941384117,0.624674166534974
170,18,Jan02,A,82d AbnD,25567.1992,17036,116,29,65,25,32.200001,39,3,0.666322496521246,0.27449599472838,0.286278932580183,0.489446628517116
171,18,Jan02,A,87th ID,7970.667,13093,41.33334,104,31.33333,64,16.66667,-49,2.7,1.64264797412814,-0.10870578330518,1.07244363060052,-0.212514307594527
172,18,Jan02,A,9th ID,12462.0898,47580,66.04615,22,41.70256,20,-16.048719,-74,0,3.81797922849184,1.03654357269801,-0.143248988306556,1.21830519407648
173,18,Jan02,G,15th PzGD,9849,5179,109,13.3333,65,13,21,-9,1.5,0.525840186820997,0.482315272830805,1.58362272868259,0.72703221464032
174,18,Jan02,G,3d PzGD,11375,9598,139,47.61539,81,39.46154,51,-10.88461,2,0.84378021978022,0.273875223133699,1.07776486629162,0.448904809025059
175,18,Jan02,G,560th VGD,5354.8672,16282,26.94667,14,15.04,12,-6.266666,-34,1,3.04059828038313,0.668412111842806,1.62809478704815,0.88238372490171
176,18,Jan02,G,9th VGD,20238,21764.8008,298,148.3,184,125.2,57,-71.5,0,1.07544227690483,0.228039688198469,-0.286384475598253,0.383305652317284
177,18,Jan02,G,FBB,4417,10341.3896,51.8,82.66008,41.3,65.03162,-3.5,-17.33399,0.5,2.34127000226398,0.197572758494256,0.790991950141664,0.190735248049467
178,19,Jan03,A,101st AbnD,33556.5312,15340,270.57651,69,197.0235,69,46.941181,-5,0,0.457139026336548,0.132880164663964,-0.0516790517930668,0.290946217565122
179,19,Jan03,A,11th AD,14402.5,11160,28.5,20,18,20,48.5,-20,10.5,0.774865474743968,-0.180077494559958,0.0405483934774754,0.0495062628726131
180,19,Jan03,A,26th ID,21294.75,16665,228.5,125,127.75,108,56.75,-53,1.2,0.782587257422604,-0.0384821689125748,-0.397289638055061,0.17822521513368
181,19,Jan03,A,30th ID,10970.8701,12100.2598,51.4,4.26087,29.97778,3.65217,-12.66667,51.739128,1.8,1.1029444054761,1.10095100537763,2.33521189512562,1.2929894545669
182,19,Jan03,A,6th AD,12799.1299,13809,142.75,166,96.75,133,-18.25,-87,0,1.07890146501287,-0.120617408234187,-0.032149844743774,-0.0372565136561241
183,19,Jan03,A,82d AbnD,23900.6309,17038,332.375,448,166.3125,426,34.1875,-33,3.1,0.71286821135755,-0.634967278861685,-1.34276231440623,-0.315365689676439
184,19,Jan03,A,83d ID,24398.8008,15986,343.53329,17,172,14,-9.866667,-1,11.8,0.655196135705161,1.04126174594322,1.65397670105284,1.28835851464623
185,19,Jan03,A,9th AD,13988.6104,10382,27.3,8,16.76923,8,51.715382,4,1,0.742175219920343,0.220859993791588,1.95913176749801,0.464342164238133
186,19,Jan03,A,9th ID,11799.6797,47336,62.34805,73,38.88182,69,-15.41948,673,0,4.01163431580266,0.407349581312146,-1.5405607149073,0.614798810104066
187,19,Jan03,B,29th ArmBde,20772.9609,4486.583,37.89231,4.95833,28.68846,1.41667,52.05769,0.708333,0.9,0.215981872858577,0.737546117842975,0.907201610911449,0.250379326508649
188,19,Jan03,G,1st SSPzD,16611,2541.28,132,18.08,110,13.28,17,-4,1,0.152987779182469,0.118061854848981,2.36492255768819,0.0550903758338202
189,19,Jan03,G,26th VGD,16855,21343.9102,167,141.1739,71,126.8261,35,-42.82608,1,1.26632513794126,-0.171575425567184,-1.26248536536796,0.201233367625424
190,19,Jan03,G,62d VGD,8988,8519,165,224,81,213,35,-16.5,2,0.947819314641744,-0.506185162437274,-0.422086908554871,-0.177639494617838
191,20,Jan04,A,101st AbnD,41327.5,15497,528.5,468,344,377,49,11,1.4,0.374980339967334,-0.532208773250741,-1.16830529708447,-0.425253445450899
192,20,Jan04,A,17th AbnD,14422.5,14081,143,267,85,199,48.5,-308,-1.8,0.976321719535448,-0.435238237777961,-0.716870863804042,-0.32190545755828
193,20,Jan04,A,26th ID,20865,16487,73.4,240,44,209,56.799999,14,0.5,0.790174934100168,-0.894170997223751,-1.78597201867319,-0.707335653144977
194,20,Jan04,A,2d AD,27185.4609,16614,328.72729,112,180.5455,101,-16.81818,20,1.1,0.611135491177198,0.0440718990225789,0.12076109613076,0.290802509733584
195,20,Jan04,A,3d AD,10674.71,17160,118.8235,127,60,124,0.588235,96,1.4,1.60753781601561,-0.125214021334341,-1.27544254820794,0.203140971566537
196,20,Jan04,A,6th AD,31391.1406,6161.8179,249.71429,66.36364,186.4286,61.81818,20.85714,-30.45455,-1.1,0.196291621846962,-0.261124021023954,0.50316430537095,-0.150785762357662
197,20,Jan04,A,78th ID,6967.7139,17216,30.85714,30,24,27,-21.42857,0,4.3,2.47082475645276,0.392914858367354,0.79001647797631,0.465688850747585
198,20,Jan04,A,82d AbnD,20406.0898,17272,293.5455,262,145.9091,247,35.63636,120,2.3,0.846413995492659,-0.344778374763599,-0.646712764329879,-0.0263318409506077
199,20,Jan04,A,84th ID,9963.5195,18093,81.28,111,51.84,101,-5.12,95,0.7,1.81592458367748,-0.0350867786215016,0.903894502390869,0.141974755390418
200,20,Jan04,A,9th ID,12241.3701,47932,54.49805,47,41.70682,43,-17.194481,-29,0,3.91557477704232,0.666585181224804,-1.09583745682404,0.755620695405073
201,20,Jan04,B,29th ArmBde,22191.8906,4218.667,217.8125,10.6667,165.2101,10.66667,55.48296,14.66667,1,0.190099486160949,0.538711053888386,-0.0881785007378156,0.676322797352061
202,20,Jan04,G,12th SSPzD,16588,1311.871,169,14.12903,131,13.16129,29,-6.483871,-1.5,0.0790855437665783,-0.11911770192948,1.91250047314432,-0.0276327268417139
203,20,Jan04,G,560th VGD,8318,11282.6104,165,74.70101,81,72.92525,-9,46.896969,2,1.35640904063477,0.20410557200221,0.792854548161242,0.545320417490868
204,20,Jan04,G,62d VGD,8858,16547.9492,165,104.6753,81,96.02598,35,57.558441,0.5,1.86813605780086,0.226547294789339,0.35922268783763,0.536917005689449
205,21,Jan05,A,101st AbnD,24463.6992,15040,218.39999,277,149.10001,234,49.099998,6,0,0.614788461754795,-0.466211607572221,-1.03664860817998,-0.359694326166337
206,21,Jan05,A,17th AbnD,15102.75,13616,67.625,76,49.25,57,47.875,-83,-0.6,0.901557663339458,-0.124654841955709,-0.0566891386370958,-0.109916741193214
207,21,Jan05,A,2d AD,23577,16516,292,113,162,110,-17,-35,1.8,0.700513212028672,0.0155340557673709,0.0662735880464103,0.295319496157898
208,21,Jan05,A,3d AD,12711.75,17106,144.5,101,73.66666,99,0.708333,66,0.9,1.345684111157,0.000664558856074361,-0.247104387606541,0.326159061238842
209,21,Jan05,A,6th AD,26482,13343,217,72,158,60,16,-77,-2.3,0.503851672834378,0.141020200550154,0.421531673071271,0.20817701589464
210,21,Jan05,A,75th ID,24674.1699,15329,344.83331,31,175.3889,30,-9.555555,-66,1.4,0.621256968810935,0.643608257247432,1.35855157295896,0.963531425808933
211,21,Jan05,A,82d AbnD,21888.4004,16420,314.60001,114,157.26666,104,35.73333,31,1.8,0.750169025599513,0.0628340835013804,0.222235514364488,0.361955928619848
212,21,Jan05,A,84th ID,23577,18077,292,132,162,118,-17,104,0,0.766721805149086,0.0255540746574656,1.02087938478891,0.262883316070716
213,21,Jan05,A,9th ID,12169.6699,47667,54.49805,32,41.70862,30,320.305511,127,0,3.91686877225815,0.846701312619151,-0.809012274937582,0.94790784252955
214,21,Jan05,B,29th ArmBde,21650.2207,3897.8459,38.67071,6.15385,30.6,6.15385,54.78384,-17.23077,-1,0.180037236294778,-0.0552933558230342,1.39327641371143,0.0616546037459901
215,21,Jan05,B,53d ID,19819.2695,17538,45.53333,79,21.86667,78,35.799999,-152,9.5,0.884896388335604,-0.696177784093474,-2.44639186298867,-0.336091282439736
216,21,Jan05,G,12th SSPzD,16448,6122.73,174,52.62308,134,44.16923,29,-26.05385,-1,0.372247689688716,0.060573669899986,0.559979072127153,0.103353928918226
217,21,Jan05,G,26th VGD,16591,9491.2617,168,174.8058,71,147.66991,36,3.786407,0,0.572072913025134,-0.642560363916518,-1.8392665078641,-0.297012448581406
218,21,Jan05,G,340th VGD,6518,5484.3218,263,57.57143,192,48.42857,-14,-18.39286,-2.5,0.841411752071187,0.597159138315681,2.30118808347095,0.665667406086995
219,21,Jan05,G,PzLehrD,11946,16417.5391,11,58.74239,9,53.29885,25,-46.881229,1.5,1.37431266532731,-0.729744334754879,-1.58259593973349,-0.677991254637502
220,22,Jan06,A,101st AbnD,28221.3301,14534,196.3333,90,89.66666,89,106,-8,0,0.515000531459713,-0.327324056242256,-0.824969294943135,0.0580165900777979
221,22,Jan06,A,17th AbnD,14930,12276,28.6,42,18.4,32,132.600006,-34,1,0.822237106496986,-0.374211952819482,-0.464243958688834,-0.28961775877065
222,22,Jan06,A,2d AD,18168.6699,16322,249.6667,47,135,45,6,-65,2.6,0.898359653724569,0.494542428257772,0.623645556473807,0.778670368752654
223,22,Jan06,A,30th ID,12458.3799,11299.2002,178.5,6.6,91.5,6,-14.25,-9,2.7,0.906955823365123,1.3117522605964,3.03939138755078,1.59647993905417
224,22,Jan06,A,3d AD,14683.8604,17068,168.82761,50,86.06897,37,49.65517,-11,1.7,1.1623646326684,0.496418448210976,0.980407389427513,0.681506002187511
225,22,Jan06,A,82d AbnD,26341,16826,369,81,185,64,95,35,0.9,0.638776052541665,0.305828601714532,0.683436362634151,0.531763546695624
226,22,Jan06,A,84th ID,24005.1406,18049,333.64291,104,167.6429,87,53.714291,0,2.8,0.751880620103512,0.184832688713608,1.34372283719957,0.438207105942995
227,22,Jan06,A,9th ID,15270.8604,47754,68.33143,27,52.33714,25,3.440001,336,0,3.12713224724391,0.938746746207487,-0.27336965851898,1.03334612899027
228,22,Jan06,G,12th SSPzD,16303,5549.7139,174,17.87013,134,14.54545,64,-30.75325,-0.5,0.340410593142366,0.570075996913419,1.76399657462986,0.597291251744529
229,22,Jan06,G,18th VGD,8435,10327.2305,165,6.03226,81,5.48387,-9,-8.225806,3,1.22433082394784,1.44524254062796,2.71288399500428,1.75084072359641
230,22,Jan06,G,26th VGD,16459,8607.5146,168,53.30097,71,52.70874,90,-4.737864,0,0.522967045385503,-0.174715478866486,-0.152583820091002,0.248878477318064
231,22,Jan06,G,5th FJD,7870,10489.6602,325,68.27586,245,48.27586,126,62.06897,2,1.33286660736976,0.949137225428013,2.65438294249048,0.914998223692706
232,22,Jan06,G,9th VGD,19282,22045.6309,261,105.875,170,91,216,-28.5,2,1.14332698371538,0.378264690901734,0.335491999071765,0.515908426831742
233,23,Jan07,A,101st AbnD,28131,14436,197.6667,133,91,116,53,4,0,0.513170523621627,-0.453735342438823,-1.09128536278503,-0.134908131477415
234,23,Jan07,A,17th AbnD,18263.3301,12041,186.73331,444,118.73333,331,55.73333,-500,2.3,0.659299258901311,-0.715615953949154,-1.14450521535874,-0.634618561275734
235,23,Jan07,A,2d AD,17925,16210,128.3333,131,78,131,-12.66667,113,1.8,0.904323570432357,-0.308592874227048,-0.715366390029894,-0.0603359193470617
236,23,Jan07,A,30th ID,11820.6699,14721.6396,177,7.81818,90.33334,7.03636,-13.66667,74.272728,1.8,1.24541499970319,1.38414756092982,2.91566161958857,1.66595863263955
237,23,Jan07,A,3d AD,14399.1797,16998,168.5455,151,85.90909,150,0.818182,50,2.7,1.1804839132607,-0.19499336788526,-0.3885426544957,0.137216073971499
238,23,Jan07,A,53d ID,20290.5703,17047,245.1429,222,109.2857,208,35.714291,-81,1.1,0.840143955934053,-0.40716586751425,-0.865635877758118,-0.0372722642272645
239,23,Jan07,A,80th ID,20682.4004,16250,170.44591,82,155.1385,72,65.598846,-47,0.1,0.785692167530032,0.262461117816717,0.569580372293936,0.24445287305556
240,23,Jan07,A,82d AbnD,26067,16966,371,88,186,83,37,-18,5.4,0.650861242183604,0.188161108530379,0.433547443990995,0.502430757557642
241,23,Jan07,A,84th ID,15536.5996,17945,114.8667,188,70.42,174,-10.27333,142,2.5,1.15501464039789,-0.378936930968911,-1.01158039319038,-0.173504060130512
242,23,Jan07,A,87th ID,9108.2393,13960,32.15585,86,25.65325,71,11.6026,21,2,1.53267822025713,-0.29492797490348,0.647796478065615,-0.27770900514915
243,23,Jan07,A,9th ID,14898.0996,48182,66.79359,44,51.15861,41,4.203094,88,0,3.23410376448282,0.696908860111049,-0.337047866610598,0.794690919257428
244,23,Jan07,G,116th PzD,13010,8523.5,236,111,103,104,22,-40.5,1,0.655149884704074,-0.215200015936995,0.609976888885568,0.164415869281355
245,23,Jan07,G,12th VGD,17599,24175.9199,206,188.2308,105,185.1154,1,42.384621,1,1.37370986419683,-0.12432789060055,-0.637560281353183,0.202876523762092
246,23,Jan07,G,18th VGD,8261,16400.3203,165,8.70968,81,7.83871,-9,82.741943,1.5,1.98527058467498,1.50822724602699,2.35316987935127,1.80874716293639
247,23,Jan07,G,26th VGD,16381,8409.3203,168,77.47573,71,67.57281,36,2.330097,0,0.513358177156462,-0.307725476552644,-0.572216194306577,0.0533469371801093
248,23,Jan07,G,62d VGD,8468,8797.1846,165,45.62963,81,43.03704,36,-9.333333,2.5,1.03887394898441,0.334090139964402,1.15684258912968,0.658166017246518
249,24,Jan08,A,101st AbnD,27986.3301,14307,198.6667,48,91,46,52.333328,12,0,0.511213865800861,0.00561631962497655,-0.204545735938542,0.373791762872191
250,24,Jan08,A,17th AbnD,16731.25,11530,32.61301,400,20.73976,298,50.05349,-442,-2.2,0.689129622711991,-1.51248984844827,-2.69767828063543,-1.43127799113656
251,24,Jan08,A,2d AD,9517.4141,16194,180.05881,57,90.52941,44,-8.823529,-80,0.5,1.70151259888965,0.624797436952591,0.745181516901787,0.837003434289767
252,24,Jan08,A,30th ID,6616.6362,9745.6357,35.18182,3.09091,19.63636,2.57576,-6.545455,-12.36364,0.2,1.47289882735279,1.20855897862006,2.96914232054828,1.40839641986084
253,24,Jan08,A,3d AD,15654.5996,16903,183.60001,82,92.7,63,0.9,-40,3.3,1.07974655576627,0.230930109676395,0.413045231972945,0.43965691351581
254,24,Jan08,A,80th ID,19814.5703,16080,59.28571,68,43.57143,62,69.285713,6,0,0.811524032898155,-0.280372182394142,-0.514206312947938,-0.172680575046121
255,24,Jan08,A,82d AbnD,18167.8809,16860,248.5556,93,133.875,70,31.430559,25,0,0.928011367577822,0.286043438098216,0.633500882783313,0.452126782142711
256,24,Jan08,A,84th ID,12263.0996,17899,203.39999,63,105.3,56,-10.1,-39,3.6,1.45958204563551,0.503437400030289,0.805203370199582,0.771811753102834
257,24,Jan08,A,87th ID,10915.0596,14590,11.303,125,8.65446,92,14.00814,1,-2,1.33668532602424,-1.0353797846124,-0.874522721606435,-1.05463879766119
258,24,Jan08,A,9th ID,14114.5,48392,63.19942,36,48.40202,34,3.420202,-27,0,3.42853094335612,0.79197408209629,0.347087879916747,0.896519384115591
259,24,Jan08,G,116th PzD,12796,14028.7598,35,8.37838,15,8.37838,23,-67.864861,3,1.09633946545796,0.337042430531342,0.860754121599643,0.760300231515034
260,24,Jan08,G,12th VGD,15461.3301,16903,181.3333,82,91.55556,63,0.888889,-40,2,1.09324358840253,0.230930225389722,-0.244166292559566,0.439656886318435
261,24,Jan08,G,26th VGD,16249,8334.1748,168,27.96117,71,26.79612,36,6.990292,0,0.512903858698997,0.15308883669103,0.417547628856063,0.560988154125358
262,24,Jan08,G,5th FJD,7613,9310.625,326,8.75,244,6.875,-6,355.625,1,1.22299027978458,1.87739487411717,3.82678919660406,1.89898465679684
263,24,Jan08,G,9th PzD,12750,9849,15,6.36364,10,4.45455,24,-65.545464,3.5,0.772470588235294,0.275165818451496,1.02528730241895,0.299511510018984
264,24,Jan08,G,9th VGD,19111,15834,272,75,177,64,59,22,1.5,0.828528072837633,0.413271753233478,0.58817199859724,0.547719381009777
265,25,Jan09,A,101st AbnD,30722,12443.1396,327.33331,81.42857,171,81.42857,44.666599,-24.85714,1.1,0.405023748453877,-0.0806908617116432,-0.313358811527177,0.242689492782861
266,25,Jan09,A,17th AbnD,16681.4805,10694,31.75,92,20.97727,69,47.68182,103,-1.5,0.641070197576288,-0.816340491634689,-1.24615950124208,-0.752576759493085
267,25,Jan09,A,26th ID,17514,15781,63,126,38,117,60,41,0.7,0.901050588100948,-0.61307660467766,-1.21144344460386,-0.397570552538066
268,25,Jan09,A,2d AD,12258.4404,16057,125.16,54,74.52,51,-5.72,268,2.1,1.30987299167356,0.323858640112245,0.302421140891129,0.553551923741665
269,25,Jan09,A,30th ID,10193.9404,11352,48.10714,3.6,29.32143,3,-11.23214,-4.8,0,1.11360274384182,1.19299988166836,2.69584546958992,1.34894671385127
270,25,Jan09,A,35th ID,26239.7305,15455,85.81818,189,64.36363,161,7.181818,-89,1,0.588992329780216,-0.721101342250074,-1.5266515850178,-0.657180787356718
271,25,Jan09,A,82d AbnD,35271.7695,14260.29,482.83081,44.57143,247.9539,37.71429,31.75897,-10.28571,1.3,0.404297550198042,0.487700871645115,1.19915076472382,0.73583255302124
272,25,Jan09,A,84th ID,20573.9609,17797,164.1618,118,94.45589,104,4.808824,-46,2.1,0.86502546041098,-0.120313162982119,-0.448552249922683,0.0922473522830412
273,25,Jan09,A,87th ID,10844.29,14465,12.02143,51,9.83571,44,12.72857,-13,3.8,1.33388170179883,-0.604504129508403,-1.10323787378966,-0.577915737384314
274,25,Jan09,A,90th ID,10847.9697,16096,44.57581,98,28.50746,97,30.011789,88,1.6,1.48377995561695,-0.414124706608614,-2.17137713866809,-0.196095546338132
275,25,Jan09,B,29th ArmBde,20140.3906,4208.667,35.43478,4,28.07391,4,50.730431,-4,3,0.208966503360665,0.191371563834105,1.86742025704215,0.307706696443278
276,25,Jan09,B,51st ID,23416.5,18571,47.5,1,24.16667,1,43,-174,22.3,0.793073260307903,1.47632275307534,2.68665119226074,1.8139511002219
277,25,Jan09,G,116th PzD,12784,14226.6602,35,29.19048,15,25.79048,23,-103.971397,4.5,1.11284888923655,-0.217355977261262,-0.883006725031193,0.144042662416139
278,25,Jan09,G,12th VGD,17191,9089.709,205,73.125,104,61.75,3,52,1,0.528748124018382,-0.0577865576623132,0.268032520396975,0.195823413112479
279,25,Jan09,G,167th VGD,10812,13344.7305,47,111.9107,27,68.125,-14,-5.982143,2,1.23425180355161,-0.356868025771201,-1.17122794127339,-0.327531332254446
280,25,Jan09,G,26th VGD,16974,8456.5059,194,55.33981,88,55.33981,33,-16.8932,0,0.498203481795688,-0.116110294429305,0.0137833051724496,0.277582653917905
281,25,Jan09,G,62d VGD,8210,10822.4404,165,61.34286,81,51.82857,35,28.228571,1,1.31820224116931,0.360114316893816,0.998893570146669,0.629237046298139
282,26,Jan10,A,101st AbnD,36892.3203,14264,483.6842,143,296.13159,138,61.921051,-13,0.9,0.386638733590308,-0.0929433695233784,-0.0910472734220898,0.133385675173139
283,26,Jan10,A,26th ID,21759.8203,15696,252.353,154,180.11771,139,497.058807,-22,0.4,0.721329486346907,-0.0336161286529649,-0.0304384818306478,0.083159670604172
284,26,Jan10,A,2d AD,4757.7861,16289,27.64286,78,15.42857,77,-4.5,-73,1.3,3.42365118095578,-0.1880666101464,-0.663523168522172,0.0964270512061471
285,26,Jan10,A,30th ID,11354.2803,12229.4102,176.52,4.52941,89.96,3.88235,227.520004,17.470591,0,1.07707488954628,1.60668139563388,3.26684707096282,1.86473649007849
286,26,Jan10,A,35th ID,7223,12852.2305,327,46.53846,245,28.76923,743,-16.07692,1,1.77934798560155,1.35110673858125,1.79552500575668,1.25242205524185
287,26,Jan10,A,4th AD,2407.667,5108.1821,109,7.27273,81.66667,6.81818,247.666702,-8.181818,8.7,2.12163147976859,1.60940058755356,4.35031901330478,1.71860873988743
288,26,Jan10,A,83d ID,11765.1396,15579,130.61681,269,67.94629,230,340.826385,10,1.9,1.32416618328949,-0.46703073975306,-0.814730510172951,-0.219278032482721
289,26,Jan10,A,84th ID,21181.3906,17633,152.2982,120,86.57018,115,101.922798,43,1,0.832476032050511,-0.233053468186922,-0.669802059577742,0.0274023956347235
290,26,Jan10,A,87th ID,7877.0259,14401,47.32498,108,36.08696,87,11.31356,659,1,1.82822808796401,-0.137948688258436,-0.166226312051204,-0.110498717079652
291,26,Jan10,A,90th ID,6451.4209,16082,22.10526,174,13.26316,161,22.105261,-38,1.3,2.49278418650378,-0.789512076396144,-0.47024204763167,-0.573064847043237
292,26,Jan10,A,9th ID,14261.4297,48934,64.18597,31,49.18909,29,7.170908,73,0,3.43121279067834,0.879930062914082,0.287711051333865,0.979387580839865
293,26,Jan10,G,116th PzD,12772,11210.9805,35,26.49865,15,25.55526,23,-25.315359,0,0.877777990917632,-0.331300771180269,0.112658534627015,0.0738520447459916
294,26,Jan10,G,18th VGD,7985,24354.2598,165,16.35652,81,14.60435,-8,26.55652,1.5,3.05000122730119,1.41174333915559,1.85943927385027,1.70820555811292
295,26,Jan10,G,26th VGD,16813,9243.0723,194,92.664,88,89.424,34,-8.424,0,0.549757467435913,-0.306050858405948,0.631854988322417,0.0699196086738343
296,26,Jan10,G,5th FJD,7223,32138.6602,327,211.5118,245,176.8353,743,-55.75882,2,4.44948915962896,0.902239230269335,0.579556303282834,0.954434281796798
297,26,Jan10,G,FBB,6130,9307.1904,74,107.709,59,81.79765,-7,75.760857,1,1.51830185970636,0.045230718095213,0.697855986991797,0.020986709762188
298,26,Jan10,G,PzLehrD,12582,17077.5,64,144.5,48,114.25,23,629.75,1,1.35729613733906,-0.280126044513711,-0.872611985115245,-0.253604352786215
299,27,Jan11,A,101st AbnD,29141,12513.9404,153.5,225.8485,68,217.93941,40,-20.21212,0.9,0.429427281150269,-1.00121683382454,-1.82967234180715,-0.612519549229467
300,27,Jan11,A,26th ID,20656.4707,14987,182.76469,119,91.41177,101,63.176472,-25,0.8,0.725535364567385,-0.209715788128249,-0.629235756397961,0.0538874042185479
301,27,Jan11,A,30th ID,10956.1201,12164.71,210.2,6.47059,68.96,5.82353,-12.8,7.117647,0,1.11031185209443,1.28667413561927,2.95562729283683,1.78802998055492
302,27,Jan11,A,78th ID,6830.1538,17777,111.6923,44,49.07692,40,43.153851,9,1.4,2.60272323589551,0.579297126009674,1.03847761101194,0.940572364510405
303,27,Jan11,A,80th ID,19133.6895,15726,101.3077,27,50.61539,25,72.153847,94,1.2,0.821901076632397,0.254358122423077,0.483088390224265,0.562199131507163
304,27,Jan11,A,83d ID,22600.1895,15320,287.74231,109,195.4933,93,32.893009,-38,1.4,0.677870422281194,0.176416467338674,0.490364095212301,0.289547910843084
305,27,Jan11,A,84th ID,20884.6094,17556,251.1714,61,134.3679,51,-12.01786,68,1.5,0.840619025414954,0.396685328716222,0.635524393854288,0.618676164722301
306,27,Jan11,A,87th ID,8470.1367,14966,61.36364,98,36.18182,22,13.40909,-44,3.6,1.76691363198424,0.532672891153624,1.16420684296859,0.0503674214768664
307,27,Jan11,A,90th ID,12507.8604,16498,71.42857,107,35,106,45.714291,-57,1.8,1.31901056394905,-0.41469578396692,0.258249153009342,-0.0634301836208039
308,27,Jan11,A,9th ID,14450.1201,49043,56.28571,38,32.06493,36,6.746754,86,0,3.39395103020632,0.552747840892864,-0.102209550295157,0.806643633841401
309,27,Jan11,B,51st ID,27672.0391,14647.2002,188.15379,68,82.84615,68,16.42308,-2.4,6.4,0.529314090192941,-0.218934900661908,-0.516453585017458,0.19024856724446
310,27,Jan11,G,116th PzD,12760,13551.4199,18,49.875,8,49.875,-15,-1.75,2,1.0620235031348,-0.884186950185626,-1.17222945848729,-0.478917866700664
311,27,Jan11,G,167th VGD,10691,24634.9004,182,102.495,92,97.21977,-10,-37.124081,2,2.3042653072678,0.388619785975905,-0.370330332123657,0.701244369680478
312,27,Jan11,G,26th VGD,16653,7801.043,127,140.79131,53,135.8609,25,-12.6,0,0.468446706299165,-0.846259580995002,-1.3097681605231,-0.428090075218877
313,27,Jan11,G,2d PzD,13465,11520.8896,157,27.15909,67,27.15909,29,1.068182,2,0.855617497215002,0.372868661534418,-0.0665007561816354,0.796967275460425
314,27,Jan11,G,3d PzGD,11295,5107,21,44,12,33,40,14.5,1,0.452146967684816,-0.901322086736584,-0.220450894206547,-0.765014063759013
315,27,Jan11,G,560th VGD,7351,24916,165,61.5,81,56.5,-5,93,1.5,3.38947082029656,0.788246045426,1.52568366604343,1.0987653007498
316,27,Jan11,G,5th FJD,7639,23577.9395,201,84.60416,103,75.22917,-2,8.604164,6,3.08652173059301,0.71803339611783,0.985500740615029,0.990459270812076
317,28,Jan12,A,26th ID,26666.9805,14948,110.0924,72,57.05897,56,64.75988,-52,2,0.560543403104825,-0.279655249144996,-0.452943173540073,-0.0769248984152349
318,28,Jan12,A,2d AD,12771.6904,16639,192.97009,62,103.4065,55,-5.401299,-107,3,1.30280326870435,0.446725282718271,0.514818024207324,0.697100334249401
319,28,Jan12,A,30th ID,11176.2803,11367,72.8,4.2,34.24,3.6,-13.2,18,0,1.01706468475026,1.13400340001497,2.63619221117143,1.43323734901981
320,28,Jan12,A,3d AD,27408,16404,337,46,244.55556,42,34.666672,31,3,0.598511383537653,0.622636396957509,1.32687267259706,0.73668403244498
321,28,Jan12,A,78th ID,7991,17742,12,79,8,53,51,-2,0.1,2.22024777875109,-0.546118755556212,-1.24964874772151,-0.542722345071859
322,28,Jan12,A,83d ID,13689.9697,15173,169.73331,141,122,120,17.76667,-51,2,1.10832969922497,0.0594399333423694,0.0141752205466834,0.14338070823749
323,28,Jan12,A,84th ID,7825.2021,13657.7803,101.1071,38.11111,49.53571,25.6667,-7.202381,-46.666672,1.6,1.74535815503091,0.606114546048261,0.0747249935462124,0.7637745863193
324,28,Jan12,A,87th ID,6224,4369.1792,9,28,5.5,8.25263,10.5,-2.652632,1.2,0.701988946015424,-0.379559270949785,0.55911341299205,-0.743165707864374
325,28,Jan12,A,90th ID,4111.6709,16335,28.75294,107,16.58824,106,-1.105882,-101,2.3,3.97283741750829,-0.237016969391304,0.60922958759592,0.0325848317809062
326,28,Jan12,A,9th ID,14520.5898,48318,24.34055,57,18.15296,45,10.00289,12,0,3.32755078585031,0.147124089061808,-0.680821710295645,0.175540237687191
327,28,Jan12,B,51st ID,12727,18221,17,69,8,63,-15,-149,5,1.43168067887169,-0.851714100978602,-1.70484413065387,-0.520408493298797
328,28,Jan12,G,116th PzD,12727,18221,17,69,8,63,-15,-149,9,1.43168067887169,-0.851714100978602,-1.5631932024957,-0.520408493298797
329,28,Jan12,G,12th VGD,17838,20993.7695,189,157.3226,95,134.9032,6,-40,2,1.17691274245992,-0.0936171010770126,-2.00713886472838,0.172392697121236
330,28,Jan12,G,15th PzGD,9619,3403.7329,4,9.6,3,9.6,7,2.133333,4,0.353855172055307,-1.10038155983814,-1.28572744032298,-0.956566518569115
331,28,Jan12,G,26th VGD,16551,8509.334,127,24,53,24,25,5.33333,1.5,0.514128088937224,0.0633820277238484,1.07950365149313,0.499208809151847
332,28,Jan12,G,2d SSPzD,14523,22058.8105,129,112.6544,81,98.2923,-3,-28.50564,2,1.51888800523308,0.111959911960796,0.14888673122187,0.275785907553138
333,28,Jan12,G,560th VGD,7181,20452.7402,165,63.3,81,47.92857,-5,-89.942863,3,2.84817437682774,0.783466063520833,1.57199775496821,0.997365938857152
334,28,Jan12,G,9th SSPzD,10903,20464.6504,187,125.4322,153,106.6886,37,-39.415749,1,1.87697426396405,0.492876783703874,0.535357483766746,0.511730498968888
335,29,Jan13,A,101st AbnD,9576.8242,12986,143.1319,106,66.67033,105,18.75824,-27,1,1.35598187131805,-0.074555191168492,-0.623906991022946,0.300721045039429
336,29,Jan13,A,106th ID,3374.667,8082,76,12,20.4444,10,-4.44445,-30,1.5,2.39490296375909,0.793025890774592,1.85419453900638,1.35429391116974
337,29,Jan13,A,11th AD,8657.3691,10542,66.84211,107,27.89474,87,13.1579,17,3,1.21769094955187,-0.46899551386017,-0.987015524457963,-0.136159595151022
338,29,Jan13,A,17th AbnD,12805.6504,10063,36.49167,23,15.88333,17,12.79167,-18,2.2,0.785824982384339,-0.15436985914332,0.183710820681121,0.110143115149654
339,29,Jan13,A,2d AD,19073.75,16470,273.29999,117,147.39999,108,-8,-41,3.5,0.863490399108723,0.0818294133683044,-0.239346351663905,0.348995887036718
340,29,Jan13,A,30th ID,10765.9404,11000.5801,211.9355,112.3158,70.09677,111.7368,-12.90323,-19.105261,0,1.02179463114992,-0.221439023208388,-0.0460464958605959,0.325877199293031
341,29,Jan13,A,3d AD,22076.2793,16389,283.03329,158,189.7,140,30.83333,81,2.8,0.742380533299377,0.00294135850681676,-0.470301790050016,0.141738574713597
342,29,Jan13,A,84th ID,22517.6699,10179.75,250.8333,71.75,112.83333,67.08334,-0.233334,17.5,3.5,0.452078303181805,-0.136566016391708,1.28227877743968,0.227822976650702
343,29,Jan13,A,9th ID,15205.5801,48260,74.62091,28,38.84968,26,14.44444,-50,0,3.17383484764254,0.777767501318158,-0.153809397338467,1.06649511409881
344,29,Jan13,G,116th PzD,12695,8725.5,108,61.5,49,57.5,-15,15,6,0.687317841669949,-0.266777234864451,0.496249229681956,0.0937016361744936
345,29,Jan13,G,12th VGD,17655,24469.3691,189,254.47369,95,220.0526,7,5.894737,2,1.385973894081,-0.255887051484098,-0.253899301036863,0.0143995344279982
346,29,Jan13,G,167th VGD,10442,31725.1406,182,182.6385,92,174.3308,-10,-101.553802,2,3.03822453552959,0.235221762526974,-0.248456540184676,0.550950403962226
347,29,Jan13,G,18th VGD,7593,15433.5801,171,87.05952,46,84.67262,-10,-42.76786,1,2.03260636112209,0.0494405964912718,0.586683131063941,0.687945309219751
348,29,Jan13,G,26th VGD,16449,25129.9609,127,187.49091,53,163.11819,25,-11.21818,2.5,1.52775006991306,-0.349374287464216,-1.74533758084166,0.0170611731502282
349,29,Jan13,G,340th VGD,5688,8838.4385,165,51.9457,81,50.0905,16,-16.855209,2,1.5538745604782,0.458530643262715,1.75285534802198,0.792415288289515
350,29,Jan13,G,560th VGD,7011,20299.5,165,143.4429,81,133.5571,-5,7.171429,4,2.89537869062901,0.280268832748867,0.479448154924194,0.597413376673012
351,29,Jan13,G,9th SSPzD,10753,18671.6895,187,169.875,153,148.5,37,60.6875,2.5,1.73641676741375,0.289260719651596,-0.260902739067833,0.321847755233858
352,30,Jan14,A,106th ID,5156.1738,8040,118.2609,368,32,276,-6.956522,-46,1.5,1.55929577082914,-0.84811269100978,-1.4480664080689,-0.339669045710269
353,30,Jan14,A,11th AD,7692.7061,10452,162.35291,93,69.17647,93,11.76471,-9,2.4,1.35868962938803,0.00526723460567906,0.354624882927877,0.428772014090762
354,30,Jan14,A,26th ID,17501,14744,61,66,34,53,64,-4,2,0.842466144791726,-0.307263038714088,-0.514288377817827,-0.124853125232753
355,30,Jan14,A,2d AD,16558.5,16312,146,93,77.75,65,-12.25,107,3.9,0.985113385874324,0.0818783189622675,-0.295943472301062,0.217222485585259
356,30,Jan14,A,30th ID,11102.1504,10296.9199,230.9257,148.8461,78.67429,87.11539,-13.41714,-40.384621,2.5,0.927470762781236,-0.0882607517512982,0.282845070723514,0.18034428217652
357,30,Jan14,A,3d AD,29211.2109,16312,315.0351,110,181.8772,86,13.66667,269,2.2,0.558415741676768,0.0829272405197086,0.15968999263788,0.233761324278118
358,30,Jan14,A,75th ID,16266.4297,16204,415.85709,47,227.8571,26,18.714291,244,2.5,0.996162052696788,1.08027542657668,2.07459060151392,1.08246748323095
359,30,Jan14,A,83d ID,12377.1104,14777,170.3923,98,119.0846,84,22.36154,-195,2,1.19389740597288,0.262132233633498,0.547459899223412,0.363386672203518
360,30,Jan14,A,84th ID,18684.1992,15093.9102,163.9915,132.1739,83.53617,76.52174,-11.11064,45.217388,5.8,0.807843570839258,-0.0626909585992153,1.03544788392218,0.00114955530876189
361,30,Jan14,A,9th ID,14794.7998,48203,26.42974,25,17.49673,23,11.8268,18,0,3.25810424281645,0.453656205219996,-0.222204462750666,0.618062657994481
362,30,Jan14,G,116th PzD,12572,15573.2002,108,106.4667,49,68.33334,-15,81.53334,2.5,1.23872098313713,-0.059126216907598,-0.143607176279733,0.113748980392513
363,30,Jan14,G,12th VGD,17473,15187.04,189,102.4138,95,80.06897,7,250.448303,2,0.869171865163395,0.0153457488888889,0.266442297023328,0.235232785402135
364,30,Jan14,G,18th VGD,7412,19223.0605,170,471.14471,46,335.89639,-10,6.25,3,2.59350519427955,-0.514741868913752,-0.755714793654924,-0.032780151425072
365,30,Jan14,G,26th VGD,16347,25420.2695,345,275.36359,147,265.90909,25,3.363636,3.5,1.55504187312657,-0.0752409084464812,-1.210818444189,0.330888498021582
366,30,Jan14,G,326th VGD,7634,8810.5322,258,78.58278,112,54.61372,-7,106.966599,3.5,1.15411739586062,0.428645572261036,1.81634560394583,0.65978498177765
367,30,Jan14,G,9th SSPzD,10603,22891,187,128.5,153,103.6667,38,-70.222214,3.5,2.15891728756012,0.576944823202001,0.591122822130044,0.569369954604985
368,30,Jan14,G,9th VGD,17501,12974.7197,61,58.08,34,46.64,64,-3.52,1,0.741370190274841,-0.307263050254217,-0.659450620619966,-0.124853136767766
369,31,Jan15,A,101st AbnD,31341.0996,12415,447.29999,117,196.7,100,46.200001,203,2,0.396125220826649,-0.124311416055705,-0.736857321621959,0.206296124126762
370,31,Jan15,A,106th ID,14125.9199,7626,353.02499,245,131.14999,184,483.475006,-158,1,0.539858646657058,-0.473778849037292,-1.74784499488975,-0.123773896056847
371,31,Jan15,A,11th AD,8013.5,3451.333,171.5,40.66667,73.5,39,12.5,50.666672,2.4,0.430689835901916,-0.103786936392882,1.34118123596203,0.295978926310446
372,31,Jan15,A,1st ID,21028.4805,16258,201.46069,266,109.8679,138,115.6464,-46,2.1,0.773141930060044,-0.241815134771826,-0.649650895731377,-0.265891067389885
373,31,Jan15,A,26th ID,26355.8008,13793.5596,79.38461,84.6,45.87253,73.32,67.670326,-19.74,0.2,0.523359533055812,-0.557331450489786,-0.947896425950703,-0.354776072926547
374,31,Jan15,A,2d AD,22820.0996,16326,202,83,105.6,82,-4.6,40,3.7,0.715421943206593,-0.0408727981475105,-0.345152420021343,0.276326878629657
375,31,Jan15,A,30th ID,16088.4297,12547.8604,387.02499,205.71429,149.2,175,481.625,-34.285709,2.5,0.779930710080425,-0.202849205726832,-0.142514847548947,0.189790397699609
376,31,Jan15,A,3d AD,14127,16364,130,107,82,106,-2,159,1.2,1.15834926028173,-0.0546931485406256,-0.474762076567479,0.170182273921809
377,31,Jan15,A,6th AD,16717.6602,11359.4004,309.47879,73.66666,153.69701,71.06667,15.98182,-6.933333,3.3,0.679485063346365,0.191735138708876,0.714909028706924,0.521433936547966
378,31,Jan15,A,75th ID,16021.9404,15800,419.28461,37,227.5923,26,110.061501,-58,4.5,0.986147720284866,1.07460273757948,1.56264747290942,1.20084171543439
379,31,Jan15,A,84th ID,33053.4297,8733.334,296.57141,93.334,163.8571,84.44445,2.428572,46.111111,3.2,0.264218693166355,-0.332856383928453,1.04086034942629,-0.0870065096214977
380,31,Jan15,A,9th ID,15062.3096,48235,26.81429,41,18.14286,39,15.54286,187,0,3.20236413146095,0.199203343853978,-1.08303806809516,0.369393400079447
381,31,Jan15,G,116th PzD,12449,10962.0801,106,72.24545,47,68.75455,-15,35.19886,12.5,0.880559089083461,-0.253171049939808,-0.131075109203487,0.127602863301064
382,31,Jan15,G,18th VGD,7232,15973.9697,170,301.12119,46,229.75079,490,-186.201996,2.5,2.20879005807522,-0.405938452830329,-1.01327374096301,0.1091888228207
383,31,Jan15,G,26th VGD,16027,13112.8896,343,148,147,139.2222,25,197.111099,2,0.818174929805953,-0.0727957815631177,0.330924218789596,0.317369993971101
384,31,Jan15,G,2d SSPzD,14127,21133.0391,130,149.6091,82,144.8076,-2,157.810593,3.5,1.49593254760388,-0.082705706772967,-1.18725847659976,0.130596294039634
385,31,Jan15,G,326th VGD,7369,7610.4028,257,51.97847,112,38.30553,-7,-47.486671,2.5,1.03275923463156,0.550015045321179,1.60065661444095,0.808154819334511
386,31,Jan15,G,340th VGD,5514,12491.3203,165,100.353,81,94.37646,18,66.788239,1.5,2.26538271672107,0.33065698974635,1.21703513345354,0.651972621620277
387,31,Jan15,G,9th SSPzD,10454,21696.8691,187,317.75879,153,270.77649,38,-123.570602,1,2.07546098144251,0.0791211752043016,-0.487341635655181,0.0991823903457583
388,31,Jan16,A,101st AbnD,21300.5508,11364.5498,175,83.63637,73.4444,80,31.66667,12.72727,2,0.533533142250951,-0.355965814740192,-1.16696052976958,0.0548217842508567
389,32,Jan16,A,106th ID,5778.8892,7223,26.51111,56,9.92222,42,-6.688889,432,1.5,1.2498941838165,-0.608890640150559,-0.958086859687418,-0.261570645503107
390,32,Jan16,A,30th ID,16119,9384.1074,125,95.89285,63,76.60714,-17,-30.535709,3.2,0.582176772752652,-0.367201363569734,-0.176506191989937,-0.137330679212603
391,32,Jan16,A,3d AD,13995,16429,130,103,82,90,-1,4,0.6,1.17391925687746,0.0335332097537486,0.0206592423654658,0.195818847153671
392,32,Jan16,A,75th ID,11381.9902,15681,99.01681,80,62.94958,59,2.092438,-43,1.7,1.37770282037319,0.192164008742456,1.51052711417159,0.265937701589081
393,32,Jan16,A,9th ID,14910.8496,48316,26.21746,85,18.08571,73,12.73016,38,0,3.24032508516483,-0.109757287165067,#VALUE!,-0.000275754961045805
-,-,-,-,-,-,-,-,-,-,-,-,-,-,,,,
,Notes:,,,,,,,,,,,,,,,,
,,1. Days are counted from 1 (16 December 1944) to 32 (16,,,,,,,,,,,,,,,
,,January 1945).,,,,,,,,,,,,,,,
,,,,,,,,,,,,,,,,,
,,"2. The sides are A (American), G (German), or B (British).",,,,,,,,,,,,,,,
,,,,,,,,,,,,,,,,,
,,3. Unit abbreviations are as given in the source material.,,,,,,,,,,,,,,,
,,"Once a base unit was selected, its opposing units were",,,,,,,,,,,,,,,
,,considered as engaged with it in proportion to the length of,,,,,,,,,,,,,,,
,,their frontage which overlapped the frontage of the base,,,,,,,,,,,,,,,
,,unit.,,,,,,,,,,,,,,,
,,,,,,,,,,,,,,,,,
,,"4. Strengths, losses, and other changes are for personnel,",,,,,,,,,,,,,,,
,,and are assumed to be in proportion to the overlap of,,,,,,,,,,,,,,,
,,frontages. Initial strengths are those at the start of the,,,,,,,,,,,,,,,
,,day. Casualties and other changes are those that occurred,,,,,,,,,,,,,,,
,,"during that day. Total battle casualties include KIA, WIA,",,,,,,,,,,,,,,,
,,"POW, and MIA. Bloody casualties include only KIA and WIA.",,,,,,,,,,,,,,,
,,Other changes are those not due to battle casualties.,,,,,,,,,,,,,,,
,,,,,,,,,,,,,,,,,
,,5. The distance advanced is the distance the front moved,,,,,,,,,,,,,,,
,,during the day. Distances are expressed from the viewpoint of,,,,,,,,,,,,,,,
,,"the Allies. That is, a negative value indicates that Allied",,,,,,,,,,,,,,,
,,"forces were moving backwards, and a positive value indicates",,,,,,,,,,,,,,,
,,they were moving forward.,,,,,,,,,,,,,,,
